City,State,Median_Age,Male_Population,Female_Population,Total_Population,NumberofVeterans,Foreign_born,Average_Household_Size,State_Code,American_Indian_and_Alaska_Native,Hispanic_or_Latino,White,Asian,Black_or_African_American
Abilene,Texas,31.3,65212,60664,125876,9367,8129,2.64,TX,1813,33222,95487,2929,14449
Akron,Ohio,38.1,96886,100667,197553,12878,10024,2.24,OH,1845,3684,129192,9033,66551
Alafaya,Florida,33.5,39504,45760,85264,4176,15842,2.94,FL,,34897,63666,10336,6577
Alameda,California,41.4,37747,40867,78614,4504,18841,2.52,CA,1329,8265,44232,27984,7364
Albany,Georgia,33.3,31695,39414,71109,5409,861,2.38,GA,445,1783,17160,650,53440
Albany,New York,32.8,47627,50825,98452,3643,11948,2.08,NY,1611,9368,58368,8090,31303
Albuquerque,New Mexico,36,273323,285808,559131,37443,58200,2.49,NM,32243,271854,411847,25140,26774
Alexandria,Virginia,36.6,74989,78522,153511,10635,44030,2.2,VA,1133,25573,106215,13315,37168
Alhambra,California,41,42184,43388,85572,1673,44441,2.89,CA,687,31386,20811,44067,1905
Allen,Pennsylvania,33.5,60626,59581,120207,5691,19652,2.67,PA,1076,59176,74187,2670,22304
Allen,Texas,37.2,51324,46814,98138,3505,19649,3.04,TX,227,10615,69840,15790,13140
Amarillo,Texas,33.8,99391,100260,199651,11008,21124,2.64,TX,4260,65392,174214,8563,14050
Ames,Iowa,23,33814,31238,65052,2265,8606,2.16,IA,,2024,56157,8979,1103
Anaheim,California,33.6,179603,171135,350738,9796,137133,3.45,CA,2489,201593,259820,53270,9775
Anchorage,Alaska,32.2,152945,145750,298695,27492,33258,2.77,AK,36339,27261,212696,36825,23107
Ann Arbor,Michigan,28.1,58789,58281,117070,3614,20717,2.17,MI,1935,5888,90173,18797,9577
Antioch,California,34,54733,55809,110542,5681,24942,3.31,CA,3462,35563,51151,14333,23227
Apple Valley,California,34.3,32873,39312,72185,5714,5801,3.03,CA,1446,25928,60767,2281,9124
Appleton,Wisconsin,35.6,37217,38038,75255,4219,4454,2.49,WI,835,5139,64674,5561,3407
Arden-Arcade,California,41.5,47596,48680,96276,6511,13458,2.18,CA,2587,15273,69369,7355,13647
Arlington,Texas,32.6,191060,197062,388122,17050,79271,2.89,TX,2918,112078,251155,31804,92955
Arlington,Virginia,34.4,113981,115183,229164,12719,55205,2.19,VA,845,35911,171673,28595,22372
Arlington Heights,Illinois,45.9,37627,39369,76996,3027,14630,2.38,IL,,2742,66285,9975,1222
Arvada,Colorado,41,54870,60165,115035,8930,4921,2.49,CO,2370,16419,107639,2922,2985
Asheville,North Carolina,37.9,42100,46407,88507,4973,6630,2.18,NC,496,4146,77979,1939,9078
Atascocita,Texas,32.8,37424,40816,78240,4416,8657,3.03,TX,1024,20441,50630,2441,21491
Athens-Clarke County unified government,Georgia,26.5,57415,65148,122563,3953,12868,2.44,GA,593,13159,79931,6635,34583
Atlanta,Georgia,33.8,223960,239915,463875,18572,32016,2.15,GA,4606,18653,196316,24268,245367
Auburn,Washington,37.1,36837,39743,76580,5401,14842,2.73,WA,3042,10836,58293,12341,4032
Augusta-Richmond County consolidated government,Georgia,33.7,94662,101917,196579,19085,7915,2.67,GA,1667,9068,77940,4429,112271
Aurora,Colorado,34.2,177899,180971,358870,25158,65816,2.82,CO,8277,109396,239803,24673,61894
Aurora,Illinois,31.7,101964,101751,203715,4988,50980,3.3,IL,1179,86653,115903,17190,23736
Austin,Texas,32.7,475718,456122,931840,37414,181686,2.5,TX,10890,327680,708171,78916,81861
Avondale,Arizona,29.1,38712,41971,80683,4815,8355,3.18,AZ,613,34716,62176,2828,11592
Bakersfield,California,30.6,182154,191473,373627,12284,71575,3.23,CA,7357,180241,272853,31929,34240
Baldwin Park,California,35.8,38747,38309,77056,780,34322,4.13,CA,316,56282,36890,15505,1560
Baltimore,Maryland,34.7,294027,327822,621849,29540,49857,2.51,MD,7730,29953,207274,20161,396270
Baton Rouge,Louisiana,31.2,111492,117104,228596,10633,12268,2.52,LA,1119,7428,96730,7442,122634
Bay,Texas,32.9,37977,37508,75485,3478,13192,2.59,TX,2167,31672,48797,2819,16782
Bayam??n,Puerto Rico,39.4,80128,90131,170259,,,,PR,,169155,,,
Bayonne,New Jersey,39.7,32705,33598,66303,2225,21899,2.62,NJ,,19525,41431,7171,7581
Beaumont,Texas,31.6,57326,60784,118110,7584,10516,2.47,TX,908,18815,53597,4079,58008
Beaverton,Oregon,35.6,47325,49252,96577,4645,18933,2.46,OR,905,15452,80975,10538,3100
Bellevue,Washington,37.4,70763,69051,139814,5382,54654,2.43,WA,1949,12215,82378,52223,4151
Bellflower,California,33.4,38936,39498,78434,2154,24607,3.58,CA,783,42472,23336,10764,12839
Bellingham,Washington,30.7,41286,43857,85143,4703,8713,2.44,WA,2056,6966,74183,8010,2325
Bend,Oregon,37.3,42294,44723,87017,6199,3032,2.39,OR,1818,8173,83689,2726,465
Berkeley,California,32.5,60142,60829,120971,3736,25000,2.35,CA,1868,15429,82949,27089,11255
Bethlehem,Pennsylvania,35.1,35861,38506,74367,4704,6295,2.46,PA,,23409,64526,3759,7821
Billings,Montana,36.3,52705,57565,110270,9121,3206,2.4,MT,6066,7526,102522,1873,2200
Birmingham,Alabama,35.6,102122,112789,214911,13212,8258,2.21,AL,1319,8940,51728,1500,157985
Bismarck,North Dakota,38,34675,35565,70240,4145,2064,2.11,ND,4040,1667,64719,930,1700
Bk,California,37,50405,54909,105314,4048,32435,2.52,CA,1639,22089,79582,14636,4729
Bloomington,Illinois,35.1,37972,40323,78295,3888,7287,2.34,IL,182,3461,60652,6549,11240
Bloomington,Indiana,23.5,40588,43227,83815,2368,10033,2.33,IN,912,3643,71200,9801,5133
Bloomington,Minnesota,40.9,43318,43118,86436,6176,10728,2.3,MN,1745,8021,71874,4689,5828
Boca Raton,Florida,47.3,44760,48466,93226,4367,21117,2.22,FL,556,14735,80781,2494,4527
Boise,Idaho,34.9,110099,108181,218280,16004,13409,2.61,ID,4046,19480,204913,9806,4413
Bolingbrook,Illinois,33.7,36295,35801,72096,2951,15212,3.42,IL,323,16904,40458,9788,12671
Bossier City,Louisiana,32.7,33428,34669,68097,8108,2980,2.4,LA,630,5589,47454,2175,19520
Boston,Massachusetts,31.8,322149,347320,669469,18350,190123,2.38,MA,5580,130656,378543,69976,189347
Boulder,Colorado,29,56342,51000,107342,4061,12993,2.24,CO,767,9795,98243,8772,1615
Boynton Beach,Florida,45.8,33701,40271,73972,4727,15431,2.45,FL,,12553,49704,2114,20616
Brandon,Florida,36.1,55679,58289,113968,9417,16390,2.64,FL,1921,26224,80811,9440,23475
Brentwood,New York,34.2,31395,32397,63792,1492,27058,4.98,NY,4242,40111,46347,1647,8619
Bridgeport,Connecticut,34.1,71509,76110,147619,4646,44475,2.86,CT,2527,59036,68007,8546,53770
Brockton,Massachusetts,35.2,46273,49041,95314,3036,27313,2.88,MA,881,10890,40110,2528,43646
Broken Arrow,Oklahoma,36.8,52136,55459,107595,6797,6845,2.77,OK,11963,9191,94366,4206,7198
Brooklyn Park,Minnesota,35.1,37845,41305,79150,3506,17490,2.85,MN,1173,4138,41760,14443,22550
Broomfield,Colorado,36.8,31755,33310,65065,3966,5316,2.53,CO,601,8065,58341,5193,1154
Brownsville,Texas,30.6,87689,96199,183888,4211,53301,3.48,TX,1165,170041,174670,1589,1239
Bryan,Texas,29.4,41761,40345,82106,3602,12014,2.55,TX,3557,29647,59742,2688,11914
Buena Park,California,35.7,41593,41671,83264,3116,28430,3.55,CA,361,32915,48412,24624,901
Buffalo,New York,33.1,124537,133529,258066,11231,24630,2.27,NY,4406,29656,130078,14518,101254
Caguas,Puerto Rico,40.4,34743,42265,77008,,,,PR,624,76349,,,
Camarillo,California,40.8,31941,35682,67623,4384,9735,2.77,CA,742,16186,59702,7198,1219
Cambridge,Massachusetts,31.5,55421,54981,110402,2495,27757,2.06,MA,906,9433,80551,18441,11880
Camden,New Jersey,27.9,36437,39694,76131,1425,11317,3,NJ,,41473,19907,1686,35237
Canton,Ohio,33.4,34476,37419,71895,3404,2204,2.32,OH,358,3597,53571,,21353
Cape Coral,Florida,45,85626,89604,175230,14446,24185,2.85,FL,1040,33016,163396,3314,7311
Carlsbad,California,42.1,55119,58347,113466,6031,17689,2.68,CA,1513,12969,98705,11948,876
Carmel,Indiana,39.9,42928,46101,89029,2723,9645,2.71,IN,,3111,77178,11223,2171
Carmichael,California,41,29281,33934,63215,4225,7378,2.39,CA,2603,9291,55862,4205,4675
Carolina,Puerto Rico,42,64758,77308,142066,,,,PR,12143,139967,,,
Carrollton,Texas,36.9,66928,66218,133146,5720,35327,2.78,TX,812,46850,102948,18456,10923
Carson,California,40.4,43790,49506,93296,4273,33860,3.7,CA,2119,32938,28801,31706,19947
Cary,North Carolina,39.9,78932,81582,160514,7426,30008,2.61,NC,1752,10327,119814,25124,15496
Casas Adobes,Arizona,44.8,30890,34375,65265,6601,7024,2.24,AZ,2047,13609,58956,3009,1854
Cedar Park,Texas,34.4,31248,33589,64837,3090,5207,3.05,TX,219,11872,56991,5654,3667
Cedar Rapids,Iowa,36.2,63109,67296,130405,7823,5404,2.32,IA,1243,5328,116851,5406,11921
Centennial,Colorado,42.4,53222,56504,109726,7226,9501,2.66,CO,1219,8086,98174,7041,4005
Centreville,Virginia,36,34749,37033,71782,3779,27797,2.97,VA,355,9613,39129,25058,6724
Champaign,Illinois,28.7,43326,42760,86086,3734,12261,2.25,IL,,4015,58099,11746,16163
Chandler,Arizona,35.6,128885,131948,260833,15870,38721,2.78,AZ,6601,57159,207993,33079,16163
Charleston,South Carolina,35,63956,71568,135524,9368,5767,2.4,SC,633,3929,104016,2773,29998
Charlotte,North Carolina,34.3,396646,430475,827121,36046,128897,2.52,NC,8746,113731,446795,55399,301568
Chattanooga,Tennessee,36.6,83640,92957,176597,10001,10599,2.4,TN,1092,10918,114140,4602,59918
Cheektowaga,New York,40.7,37476,38599,76075,5408,3532,2.3,NY,,1994,63541,1584,10562
Chesapeake,Virginia,36.7,114964,120465,235429,29772,13966,2.73,VA,2087,12959,150414,11354,73850
Chicago,Illinois,34.2,1320015,1400541,2720556,72042,573463,2.53,IL,23323,785725,1374535,195084,873316
Chico,California,29.9,46168,44168,90336,4519,8425,2.5,CA,2766,15578,80467,6101,3164
Chino,California,36.5,50989,34610,85599,4186,18666,3.62,CA,4790,45495,44543,12948,6815
Chino Hills,California,41.9,39639,38674,78313,3358,24764,3.05,CA,1773,22539,40030,28132,3506
Chula Vista,California,34.6,131485,134269,265754,12368,82710,3.32,CA,1652,156522,183753,48506,15641
Cicero,Illinois,28.5,43153,40714,83867,629,33801,3.89,IL,964,76425,30824,1193,2865
Cincinnati,Ohio,32.7,143654,154883,298537,13699,16896,2.08,OH,3362,9121,162245,7633,133430
Citrus Heights,California,37.8,41982,45071,87053,6171,9466,2.49,CA,1514,14661,77525,3615,5979
Clarksville,Tennessee,29.7,75029,74161,149190,20803,8211,2.64,TN,2338,16004,104626,6348,39445
Clearwater,Florida,47,55225,57754,112979,10631,17686,2.4,FL,867,17211,97195,2434,12369
Cleveland,Ohio,36,186436,201623,388059,19849,18830,2.24,OH,6140,40603,166958,10102,205395
Clifton,New Jersey,38.5,41932,44409,86341,2603,27979,3.11,NJ,2417,33176,51516,5840,8743
Clovis,California,37.8,52392,51780,104172,6173,13409,2.76,CA,1876,23744,78029,14249,3434
College Station,Texas,22.9,54125,53774,107899,2471,16145,2.52,TX,605,17784,84892,10915,11316
Colorado Springs,Colorado,34.8,225544,231018,456562,49291,35320,2.48,CO,11146,78711,374900,22619,38976
Columbia,Maryland,37.9,52202,51265,103467,6526,23249,2.68,MD,488,8033,58343,17821,30075
Columbia,Missouri,26.8,56544,62554,119098,4548,10729,2.37,MO,1713,4956,96067,8673,15489
Columbia,South Carolina,28,67686,65707,133393,5708,6074,2.32,SC,1420,7545,73232,3501,56398
Columbus,Georgia,33.7,98785,101794,200579,21747,10376,2.62,GA,1343,15180,97436,7039,95366
Columbus,Ohio,32.5,413981,435086,849067,40238,101129,2.4,OH,11496,46855,549468,48974,256764
Compton,California,30.1,49264,49184,98448,897,30660,4.08,CA,298,67523,53919,1732,26395
Concord,California,39.6,62310,66358,128668,6287,37428,2.72,CA,1447,41400,92575,17453,6150
Concord,North Carolina,35.7,42732,44961,87693,4621,8847,2.72,NC,216,11301,60500,3566,19027
Conroe,Texas,31.5,34907,33685,68592,4871,13839,2.65,TX,707,23863,57480,2302,6713
Coral Springs,Florida,37.2,63316,66186,129502,4724,38552,3.17,FL,1262,40817,90896,6573,27225
Corona,California,37.1,79749,84493,164242,7709,42131,2.97,CA,2268,68592,119403,21044,9437
Corpus Christi,Texas,35,160488,163594,324082,25078,30834,2.69,TX,2972,200737,292663,9051,14978
Costa Mesa,California,34.8,59097,54089,113186,4095,26645,2.59,CA,1961,38239,87320,9165,2925
Cranston,Rhode Island,39.9,38365,42712,81077,4702,10631,2.56,RI,839,10418,64806,5978,8193
Dale City,Virginia,33.4,35984,35415,71399,6085,22306,3.65,VA,548,23868,34640,9251,18074
Dallas,Texas,32.6,639019,661063,1300082,41026,326825,2.59,TX,17510,549966,839169,47099,322570
Daly City,California,39.7,53817,52757,106574,3782,56640,3.26,CA,893,24316,25522,61918,5401
Danbury,Connecticut,37.3,43435,41227,84662,3752,25675,2.74,CT,1086,25145,55917,7350,8454
Davenport,Iowa,35.2,50123,52454,102577,7090,4065,2.39,IA,901,9131,88145,3071,12761
Davie,Florida,40.8,48754,52140,100894,4655,26532,2.72,FL,464,35311,79832,4581,11005
Davis,California,26.3,33493,34163,67656,2176,13997,2.69,CA,779,9041,47997,17816,2081
Dayton,Ohio,32.8,66631,73966,140597,8465,7381,2.26,OH,2010,4945,86016,1885,57280
Dearborn,Michigan,33.5,46482,48698,95180,3163,23920,3.04,MI,713,3533,88742,4134,3699
Decatur,Illinois,40.4,34646,38210,72856,5291,1224,2.23,IL,265,1709,56231,1343,17939
Deerfield Beach,Florida,41.4,37155,42614,79769,3882,23642,2.46,FL,698,12729,53037,1428,25344
Delray Beach,Florida,47.9,32219,34042,66261,4232,16639,2.35,FL,,6397,40980,1696,21138
Deltona,Florida,39.9,44853,43621,88474,5664,7098,2.89,FL,651,31357,75686,1292,12056
Denton,Texas,28.7,62478,68569,131047,6352,18451,2.66,TX,1857,29350,106278,7061,15542
Denver,Colorado,34.1,341137,341408,682545,29363,113222,2.33,CO,14008,207847,546370,32491,72288
Des Moines,Iowa,34.5,103726,106591,210317,11780,23857,2.41,IA,3964,25306,168057,15205,26353
Detroit,Michigan,34.8,319265,357859,677124,29511,39861,2.6,MI,6007,53980,104260,10804,545988
Dothan,Alabama,38.9,32172,35364,67536,6334,1699,2.59,AL,656,1704,43516,1175,23243
Downey,California,37.3,53006,61205,114211,2281,39977,3.45,CA,535,84806,77220,9776,5498
Duluth,Minnesota,34.7,41271,44855,86126,5015,2258,2.25,MN,1894,1981,81720,1721,3891
Durham,North Carolina,33.2,121153,136445,257598,12528,38642,2.4,NC,3154,36304,127680,15740,108088
Eagan,Minnesota,36.8,31587,34701,66288,2699,8642,2.49,MN,684,4328,52612,6923,8032
East Los Angeles,California,32.6,60460,59206,119666,1101,49575,3.75,CA,778,116211,48980,1053,508
East Orange,New Jersey,35.5,29995,34967,64962,1870,15164,2.85,NJ,535,6368,3165,656,57859
Eau Claire,Wisconsin,32,32327,35106,67433,3261,2833,2.4,WI,876,1488,62194,4202,725
Edinburg,Texas,29.3,39422,45079,84501,2409,16569,3.31,TX,,74698,77560,812,
Edmond,Oklahoma,32.5,45191,44899,90090,5006,5585,2.68,OK,8051,6187,78979,5349,4987
El Cajon,California,32.7,54450,49238,103688,7103,31865,3.14,CA,1891,31542,84703,4561,7534
El Monte,California,37.3,57961,58784,116745,1686,59655,3.67,CA,718,77523,64138,33384,307
El Paso,Texas,33.1,332797,348339,681136,47693,159709,3.03,TX,7359,542017,587683,12370,34473
Elgin,Illinois,35.7,54852,56224,111076,4024,30167,2.97,IL,789,48221,76126,7606,7528
Elizabeth,New Jersey,34.2,65896,63116,129012,1131,63413,3.18,NJ,797,86456,70873,3369,29822
Elk Grove,California,36.1,80057,86833,166890,7762,38693,3.34,CA,2020,28781,86909,59424,20185
Ellicott City,Maryland,42.4,34406,36526,70932,3856,17587,2.73,MD,396,1602,43537,22551,6089
Enterprise,Nevada,34.1,69146,66328,135474,7526,31173,2.89,NV,2777,25307,85505,35444,14637
Erie,Pennsylvania,35.3,48618,50852,99470,7093,6275,2.31,PA,913,7859,78636,3306,20564
Escondido,California,33.3,76551,74907,151458,8110,46298,3.27,CA,3151,73793,120781,14398,5631
Eugene,Oregon,33.4,79071,84377,163448,8896,14503,2.34,OR,5035,17356,146807,11073,5632
Evanston,Illinois,36.8,34146,41377,75523,2058,15003,2.29,IL,544,9075,54496,8800,11671
Evansville,Indiana,38,57198,60481,117679,9063,3169,2.25,IN,713,3263,100055,1376,17564
Everett,Washington,37,56212,51800,108012,7880,19499,2.36,WA,3645,15889,88395,9807,8304
Fairfield,California,34.7,55550,57422,112972,8607,24503,3.14,CA,1016,32976,64106,22428,18274
Fall River,Massachusetts,39.3,43314,45456,88770,4143,14775,2.21,MA,1481,9081,77242,1891,6389
Fargo,North Dakota,30.7,60560,58690,119250,6154,9428,2.18,ND,3102,3567,107349,4646,6477
Farmington Hills,Michigan,42.1,37527,43805,81332,3650,18033,2.41,MI,313,2052,57815,10759,13483
Fayetteville,Arkansas,27.1,41959,40873,82832,4744,6313,2.28,AR,2058,5535,68830,4707,6927
Fayetteville,North Carolina,30.7,101051,100914,201965,28089,12863,2.5,NC,6603,25080,102075,8949,90625
Federal Way,Washington,36.4,49151,46037,95188,7135,18565,2.68,WA,2396,14049,59035,16026,15495
Fishers,Indiana,34.5,42161,43910,86071,2469,6138,2.8,IN,,3409,73361,7571,6873
Flagstaff,Arizona,23.9,33224,37093,70317,3667,4262,2.55,AZ,5117,13606,58696,2646,3144
Flint,Michigan,35.3,48984,49313,98297,3757,2138,2.38,MI,1508,2525,44786,657,55137
Florence-Graham,California,30.2,34186,32173,66359,416,28696,4.57,CA,,60895,30591,,5060
Flower Mound,Texas,40.2,35200,35824,71024,4217,6860,3.01,TX,1095,6149,61433,6577,3559
Folsom,California,40.9,41051,35317,76368,4187,13234,2.62,CA,998,5822,57435,15569,3985
Fontana,California,29.5,100644,106828,207472,4076,61448,4.15,CA,2656,156134,85044,14281,16986
Fort Collins,Colorado,29.6,80893,80288,161181,8425,9704,2.45,CO,3271,15521,150568,7913,3176
Fort Lauderdale,Florida,42.8,93948,84639,178587,8897,47582,2.38,FL,1366,28148,109751,3791,62954
Fort Myers,Florida,37.3,36850,37165,74015,4312,15365,2.45,FL,,17866,50169,3519,17298
Fort Smith,Arkansas,34.9,43346,44849,88195,3408,13177,2.44,AR,2993,17104,66004,6228,9851
Fort Wayne,Indiana,34.7,124815,133329,258144,13539,19146,2.45,IN,3577,21234,204114,13596,46319
Fort Worth,Texas,32.6,414126,422843,836969,39182,143404,2.88,TX,7504,296133,575180,42053,167449
Framingham,Massachusetts,40.3,35442,35768,71210,2625,19070,2.49,MA,849,13000,52205,5993,6944
Franklin,Tennessee,38.3,34991,37644,72635,3303,6876,2.73,TN,,4916,61459,3911,7749
Frederick,Maryland,36.1,33146,36336,69482,3870,14211,2.48,MD,1333,13065,49181,5711,13372
Fremont,California,38.3,114383,117808,232191,4629,109427,3.12,CA,1606,29594,67294,141953,7762
Fresno,California,30,256130,263942,520072,18410,103453,3.12,CA,11380,256145,325651,75318,46072
Frisco,Texas,37.2,73989,80399,154388,6297,30913,3.05,TX,2947,17093,111477,30341,10821
Fullerton,California,34.5,69549,71300,140849,5394,43404,2.97,CA,1668,53459,92216,33937,5241
Gainesville,Florida,26,60803,69330,130133,4788,15272,2.33,FL,740,12208,87612,11963,32912
Gaithersburg,Maryland,35.7,32211,35234,67445,2126,28133,2.73,MD,672,18721,36639,13169,12482
Garden Grove,California,37.8,86779,88605,175384,4316,80677,3.66,CA,1713,66038,66782,71737,1840
Garland,Texas,34.5,116406,120430,236836,10407,62975,3.12,TX,3083,90989,154484,27217,40507
Gary,Indiana,38.1,35876,41478,77354,3952,1884,2.35,IN,551,6266,13498,537,61416
Gastonia,North Carolina,36.9,35527,39023,74550,3537,5715,2.67,NC,603,6653,46362,2788,22179
German,Maryland,34.9,41115,43007,84122,2443,27877,2.95,MD,1232,18202,43330,15921,22273
Gilbert,Arizona,33.2,116711,130812,247523,10817,24531,3.2,AZ,5965,39937,211322,19740,9076
Glen Burnie,Maryland,36.5,33398,36461,69859,5298,6971,2.58,MD,708,9137,49982,3194,17010
Glendale,Arizona,34.4,116795,123319,240114,13241,44133,2.89,AZ,4064,83711,202539,15245,16254
Glendale,California,42.1,98181,102844,201025,4448,111510,2.69,CA,474,30807,146718,42070,4619
Goodyear,Arizona,38.6,36711,42292,79003,7650,11774,2.97,AZ,1301,21603,63493,5701,8678
Grand Prairie,Texas,33.1,90811,96944,187755,7073,44888,3.18,TX,1754,85543,113981,11446,54934
Grand Rapids,Michigan,32.1,95669,99430,195099,8972,19176,2.56,MI,3436,31282,143702,6057,42256
Greeley,Colorado,31,50792,50091,100883,4294,11480,2.75,CO,2449,39271,92874,2202,2856
Green Bay,Wisconsin,32.9,52517,52704,105221,5519,9813,2.37,WI,6547,16786,82033,5652,7561
Greensboro,North Carolina,35.5,132251,153093,285344,14011,26667,2.36,NC,3688,22147,144930,12683,124108
Greenville,North Carolina,26.2,39897,50691,90588,4283,4183,2.4,NC,917,4409,50289,2787,37355
Gresham,Oregon,36.7,53866,56716,110582,6326,17860,2.67,OR,2084,23576,94904,6641,7721
Guaynabo,Puerto Rico,42.2,33066,37426,70492,,,,PR,589,69936,,,
Gulfport,Mississippi,35.1,33108,38764,71872,6646,3072,2.54,MS,,4247,42870,1723,27799
Hammond,Indiana,36,38923,38687,77610,4144,9224,2.61,IN,1509,25320,41705,1540,20442
Hampton,Virginia,35.5,66214,70240,136454,19638,6204,2.48,VA,2534,7513,61753,4561,70303
Harlingen,Texas,30.1,32404,33365,65769,2761,10391,3,TX,,51727,61844,2166,
Hartford,Connecticut,31,58042,65972,124014,3130,28467,2.59,CT,2451,55959,46529,4105,49939
Hawthorne,California,33.7,43682,44762,88444,2123,32107,2.97,CA,906,50115,23665,7601,21566
Hayward,California,34.3,78152,80148,158300,4385,60970,3.32,CA,2178,64880,74800,46285,20219
Hemet,California,36.8,38622,45251,83873,5613,13330,2.97,CA,2288,37448,67817,3697,7650
Henderson,Nevada,42.5,139412,146246,285658,25045,35666,2.55,NV,3036,47154,234301,24931,18816
Hesperia,California,29.4,43588,49698,93286,3739,16667,3.52,CA,1712,53765,78718,2131,4889
Hialeah,Florida,43,111530,125552,237082,1844,170148,3.31,FL,,227508,219991,1149,5687
High Point,North Carolina,35.5,51751,58077,109828,5204,16315,2.65,NC,1181,11446,58004,11060,39369
Highlands Ranch,Colorado,39.6,49186,53281,102467,4840,8827,2.72,CO,1480,8393,94499,5650,1779
Hillsboro,Oregon,35.3,50926,51434,102360,6625,19531,2.68,OR,4524,22169,81072,13704,4347
Hollywood,Florida,41.4,75358,74363,149721,6056,55158,2.65,FL,1010,53247,107916,4696,34916
Homestead,Florida,31.4,31401,35099,66500,2287,24408,3.48,FL,,41910,48820,,16705
Hoover,Alabama,38.5,38040,46799,84839,4819,8229,2.58,AL,,3430,61869,4759,18191
Houston,Texas,32.6,1149686,1148942,2298628,71898,696210,2.66,TX,13157,1028148,1386389,173854,529431
Huntington Beach,California,41.6,99967,101960,201927,10454,35368,2.67,CA,2843,42303,156071,29095,4027
Huntsville,Alabama,38.1,91764,97350,189114,16637,12691,2.18,AL,1755,10887,121904,6566,61561
Independence,Missouri,38.6,54348,62907,117255,10220,4911,2.33,MO,1883,12236,98940,558,10394
Indianapolis,Indiana,34.1,410615,437808,848423,42186,72456,2.53,IN,8656,83426,553665,29307,253932
Indio,California,35.9,43803,43723,87526,3647,22538,3.08,CA,1112,58852,48562,2866,3300
Inglewood,California,34.9,52995,58661,111656,2703,34171,3.12,CA,1395,60873,33966,2712,44991
Iowa City,Iowa,25.5,37089,37138,74227,2047,9202,2.36,IA,610,4072,59839,5533,7219
Irvine,California,34.6,125411,131516,256927,5532,116366,2.73,CA,799,19266,127358,126499,8670
Irving,Texas,32.3,117189,119428,236617,6207,86756,2.78,TX,2960,97862,132779,49421,30356
Jackson,Mississippi,31.7,79039,91772,170811,8146,1789,2.65,MS,323,3017,28775,864,139567
Jackson,Tennessee,35.3,30007,36973,66980,3529,2097,2.52,TN,564,3383,36037,1171,30103
Jacksonville,Florida,35.7,419203,448828,868031,75432,85650,2.62,FL,8177,80064,543582,50895,282692
Jacksonville,North Carolina,24.2,40015,27348,67363,8252,3732,2.51,NC,1741,11947,51245,4204,13253
Jersey City,New Jersey,34.3,131765,132512,264277,4374,109186,2.57,NJ,3356,79718,99300,67610,65051
Johns Creek,Georgia,39,40282,43057,83339,1983,29000,3.19,GA,826,5924,48414,24289,11273
Johnson City,Tennessee,38.2,31019,34350,65369,5038,2878,2.18,TN,400,1114,59147,1877,6016
Joliet,Illinois,33.1,70863,79162,150025,7353,22409,3.13,IL,523,45291,106160,2813,27883
Jonesboro,Arkansas,32.6,35666,38240,73906,3682,3222,2.44,AR,2109,4614,56626,1282,14599
Jurupa Valley,California,33.8,49430,50884,100314,3833,25338,3.87,CA,1554,66525,58201,4992,3091
Kalamazoo,Michigan,26.4,37175,38865,76040,3048,3482,2.36,MI,954,4114,56866,2429,19194
Kansas City,Kansas,33.4,74606,76655,151261,8139,25507,2.71,KS,2749,44342,96113,7301,40177
Kansas City,Missouri,35.9,228430,246931,475361,24710,37787,2.35,MO,5796,46037,296623,17061,147739
Kendall,Florida,40.2,36658,39808,76466,1678,31180,2.81,FL,,47521,70266,3650,2937
Kenner,Louisiana,36.9,33993,33113,67106,2485,12352,2.57,LA,158,17769,44863,2729,17172
Kennewick,Washington,32,38492,40411,78903,5158,8376,2.78,WA,1101,19395,65228,4252,2887
Kenosha,Wisconsin,36.3,49349,50507,99856,6238,7443,2.55,WI,1264,18772,84780,2537,11915
Kent,Washington,33.4,61825,65137,126962,7985,38175,3.06,WA,3651,21928,67918,26168,20450
Killeen,Texas,29.2,69442,71367,140809,24281,15769,2.72,TX,2362,32600,75823,8183,54601
Kirkland,Washington,40.8,42159,45108,87267,5156,18570,2.3,WA,1155,6720,70491,15277,1041
Kissimmee,Florida,36.7,33283,35869,69152,2449,16879,3.01,FL,,44120,51123,2634,6623
Knoxville,Tennessee,33.1,89978,95334,185312,10897,10285,2.21,TN,2304,8640,145055,4717,35049
Lafayette,Indiana,33.5,34313,36857,71170,5045,5697,2.19,IN,,9151,63157,1167,6752
Lafayette,Louisiana,31.7,64018,63643,127661,5206,5396,2.54,LA,1183,6556,85282,2776,39862
Laguna Niguel,California,45.8,30193,35619,65812,2648,12571,2.58,CA,,9203,55919,8499,881
Lake Charles,Louisiana,31.8,35678,40388,76066,4477,3215,2.36,LA,592,3157,36346,1444,38358
Lake Forest,California,40.3,41515,40982,82497,3748,20784,2.76,CA,1482,17410,59846,16690,3526
Lakeland,Florida,38.1,47840,56570,104410,7390,11592,2.56,FL,288,16501,75636,3348,25111
Lakewood,California,39.9,41523,40069,81592,4094,18274,3.13,CA,398,24987,43766,18999,6123
Lakewood,Colorado,37.7,76013,76576,152589,9988,14169,2.29,CO,2597,33630,139669,7340,2679
Lancaster,California,30.9,80668,80445,161113,7892,17247,3.25,CA,2186,57423,110311,8654,36007
Lansing,Michigan,31.4,54333,59777,114110,5327,8371,2.39,MI,5254,14245,75688,4168,34196
Laredo,Texas,28.8,124305,131484,255789,4921,68427,3.66,TX,1253,243190,246442,1963,832
Largo,Florida,45.1,38166,42841,81007,8310,10489,2.28,FL,881,9561,73502,3249,5860
Las Cruces,New Mexico,32.7,47835,53809,101644,9421,11888,2.58,NM,2368,60614,91201,3266,3825
Las Vegas,Nevada,37.5,310568,313201,623769,42397,127609,2.79,NV,8456,204913,429142,55745,84987
Lauderhill,Florida,35.7,32813,38761,71574,1965,25471,3.02,FL,1186,6089,10788,2662,56948
Lawrence,Kansas,27.4,45592,48324,93916,2986,8701,2.53,KS,4239,6435,79793,6547,5777
Lawrence,Massachusetts,30.8,37464,42776,80240,1190,29170,3.17,MA,,63175,40757,2149,9221
Lawton,Oklahoma,31.1,51099,45560,96659,11572,6123,2.72,OK,10027,13780,63948,5173,25767
Layton,Utah,29.5,37748,36394,74142,3811,4268,3.24,UT,1674,10123,65333,2889,2710
League City,Texas,35.9,49354,48996,98350,6484,8361,2.72,TX,,14868,86012,8163,4166
Lee's Summit,Missouri,36.8,48353,46715,95068,6624,3803,2.68,MO,1251,4504,82915,3013,7100
Lehigh Acres,Florida,34.3,57856,61624,119480,5551,31880,3.55,FL,1675,42092,86328,1853,29998
Lewisville,Texas,31.6,52776,52032,104808,4211,24865,2.78,TX,1371,31757,70278,12412,16948
Lexington-Fayette  county,Kentucky,34.4,154032,160456,314488,16661,28613,2.34,KY,3187,21766,249339,14066,51493
Lincoln,Nebraska,32.3,138544,138802,277346,14694,22958,2.4,NE,4281,20296,246677,15138,16445
Little Rock,Arkansas,36.6,96997,100989,197986,12343,16640,2.36,AR,961,15500,102312,8423,85606
Livermore,California,36.7,41522,46595,88117,3063,13959,2.91,CA,941,19582,73440,14116,3199
Livonia,Michigan,47.4,45369,49264,94633,5397,7175,2.52,MI,445,1772,87383,2719,4633
Long Beach,California,34.6,238159,236013,474172,17463,127764,2.78,CA,12841,207890,277962,68095,64948
Longmont,Colorado,36.8,43941,48280,92221,4925,10424,2.63,CO,1682,24846,85853,2255,1782
Longview,Texas,36.8,40065,41525,81590,5512,8782,2.55,TX,253,17614,60997,1810,19904
Lorain,Ohio,35.6,30844,32807,63651,4905,1531,2.52,OH,904,19342,46667,308,16388
Los Angeles,California,35,1958998,2012898,3971896,85417,1485425,2.86,CA,63758,1936732,2177650,512999,404868
Louisville/Jefferson County metro government,Kentucky,37.5,298451,316938,615389,39364,37875,2.45,KY,4585,28712,456451,18601,151256
Loveland,Colorado,37.6,37042,38146,75188,5667,3050,2.53,CO,1029,13567,71538,1549,950
Lowell,Massachusetts,33.4,54422,56298,110720,3764,33414,2.8,MA,868,22095,68838,28944,7310
Lubbock,Texas,29.2,122320,126731,249051,10588,14226,2.61,TX,7627,90706,206318,7508,23594
Lynchburg,Virginia,28.7,38614,41198,79812,4322,4364,2.48,VA,1024,2689,53727,2910,23271
Lynn,Massachusetts,34.8,44598,47861,92459,3093,29899,2.81,MA,1176,33250,50652,9205,18240
Lynwood,California,29.4,35634,36371,72005,776,28061,4.43,CA,,63377,48670,994,5346
Macon,Georgia,36,71833,81626,153459,10735,4846,2.46,GA,682,4897,64117,3588,84569
Madison,Wisconsin,30.7,122596,126360,248956,9707,30090,2.23,WI,2296,19697,204302,23937,20424
Manchester,New Hampshire,37.3,54845,55378,110223,5473,14506,2.4,NH,558,11962,100108,4304,6896
Manteca,California,35.3,37053,38397,75450,3936,13942,3.25,CA,2861,31552,56156,8172,6279
Maple Grove,Minnesota,38.6,31780,36601,68381,2943,7645,2.64,MN,549,1685,59683,6088,2951
Marysville,Washington,33.2,33436,33337,66773,5714,7721,2.79,WA,3260,7142,58894,6185,1800
Mayag??ez,Puerto Rico,38.1,30799,35782,66581,,,,PR,,65521,,235,
McAllen,Texas,32.3,68332,71921,140253,4356,37691,3.19,TX,664,113829,107763,5575,3332
McKinney,Texas,35.6,77339,85548,162887,8082,25760,2.91,TX,1801,31705,129192,13882,16689
Medford,Oregon,38.6,39606,40189,79795,6632,6185,2.65,OR,1239,14294,75464,2135,1201
Melbourne,Florida,43.4,39180,40956,80136,8363,9685,2.37,FL,251,6060,65397,5186,11721
Memphis,Tennessee,34.1,312237,343523,655760,31189,43318,2.55,TN,4127,46621,202961,15778,420983
Menifee,California,37.1,42866,44297,87163,6821,12481,3.06,CA,1639,29790,62331,7108,7773
Merced,California,29.7,40048,42392,82440,3723,16348,3.15,CA,2331,43684,42475,9911,6464
Meridian,Idaho,38,43353,47400,90753,5640,8110,2.54,ID,492,6596,84625,2693,1809
Mesa,Arizona,36.9,234998,236835,471833,31808,57492,2.68,AZ,16044,131425,413010,14608,22699
Mesquite,Texas,34.6,69240,75884,145124,6438,26755,2.96,TX,2564,56753,98597,4496,37339
Metairie,Louisiana,41.6,69515,76943,146458,7187,19871,2.39,LA,438,19703,124270,4791,17263
Miami,Florida,40.4,215840,225149,440989,7233,260789,2.5,FL,1571,319942,338232,4613,87331
Miami Beach,Florida,42.5,48090,44221,92311,2265,49908,2.1,FL,,47446,72180,2772,4013
Miami Gardens,Florida,34.9,50719,62480,113199,2327,33394,3.75,FL,,23287,27273,,85300
Midland,Texas,32.1,66595,66355,132950,5753,17061,2.78,TX,1922,58677,115958,3279,10379
Milpitas,California,36.8,40098,37519,77617,1608,39436,3.32,CA,599,11815,17127,52617,2914
Milwaukee,Wisconsin,31.6,286315,313839,600154,20615,58321,2.51,WI,10813,110335,297038,24832,248149
Minneapolis,Minnesota,32.4,206547,204388,410935,15217,70769,2.26,MN,9238,39981,277862,33854,89996
Miramar,Florida,36.6,66157,70958,137115,3077,57179,3.41,FL,,46767,58914,12084,65840
Mission,Texas,32.9,40530,42777,83307,2383,22608,3.51,TX,,73367,77985,3075,
Mission Viejo,California,44.9,48849,48314,97163,4713,17308,2.85,CA,683,18913,81186,13073,2066
Missoula,Montana,34.7,35002,36022,71024,4733,2771,2.15,MT,3618,2474,66504,2292,1149
Missouri City,Texas,37.2,34932,36846,71778,4274,18556,3.03,TX,,10007,20590,17854,28070
Mobile,Alabama,38,91275,103030,194305,11939,7234,2.4,AL,2816,5229,93755,5518,96397
Modesto,California,35.2,104852,106405,211257,9855,39613,2.97,CA,4388,85141,166618,19417,9869
Montgomery,Alabama,35.4,94582,106004,200586,14955,9337,2.41,AL,1277,6648,73545,6518,121360
Moreno Valley,California,30.7,98584,105597,204181,8529,54442,3.9,CA,1843,120610,90391,11912,35550
Mount Pleasant,South Carolina,42.7,39429,41880,81309,3981,4701,2.53,SC,,2569,75908,1827,3730
Mount Vernon,New York,38.5,31876,36745,68621,2064,23777,2.85,NY,356,9446,13106,1497,49830
Mountain View,California,33.5,42493,37945,80438,1376,31857,2.46,CA,577,16397,51400,23884,1974
Muncie,Indiana,27.4,32446,37255,69701,2968,1062,2.35,IN,203,2499,59962,,10482
Murfreesboro,Tennessee,30.2,60704,65417,126121,5199,8948,2.6,TN,1339,8840,97270,7265,22651
Murrieta,California,35.3,49363,60453,109816,7242,19875,3.3,CA,2327,32944,77700,16041,9259
Nampa,Idaho,31.4,45651,44199,89850,4736,6607,2.98,ID,2167,22066,80776,1486,1600
Napa,California,37.2,39828,40601,80429,4678,18449,2.84,CA,1751,33229,57837,3593,675
Naperville,Illinois,38.5,71365,75794,147159,4545,30399,2.76,IL,449,4928,108937,31221,9031
Nashua,New Hampshire,38.3,42926,45049,87975,5532,12693,2.46,NH,655,10511,73977,9685,4147
Nashville,Tennessee,34.1,314231,340365,654596,27942,88193,2.39,TN,5474,67526,432447,27355,188844
New Bedford,Massachusetts,38.6,43793,51166,94959,4185,19024,2.39,MA,346,18336,63938,1811,8890
New Braunfels,Texas,37,33071,36852,69923,5204,5405,2.85,TX,648,22522,63789,1610,3471
New Britain,Connecticut,33.4,37350,35459,72809,2219,15080,2.52,CT,,30188,56431,2297,9873
New Haven,Connecticut,29.9,63765,66545,130310,2567,25871,2.48,CT,2205,43563,56251,7966,43356
New Orleans,Louisiana,35.9,185736,203881,389617,17388,21679,2.41,LA,2496,21850,140314,13349,234645
New Rochelle,New York,40.6,38871,40967,79838,2780,26960,2.85,NY,645,23548,44435,4218,17723
New York,New York,36,4081698,4468707,8550405,156961,3212500,2.68,NY,90923,2485125,3835726,1304564,2192248
Newark,New Jersey,34.6,138040,143873,281913,5829,86253,2.73,NJ,2268,100432,76402,7349,144961
Newport Beach,California,46.8,43161,43970,87131,4847,15318,2.4,CA,423,8127,74814,10017,
Newport News,Virginia,32.8,88385,94000,182385,18896,12589,2.46,VA,2201,15780,95151,8275,79245
Newton,Massachusetts,42.3,41985,46824,88809,1814,21692,2.71,MA,244,4790,69380,15666,2925
Norfolk,Virginia,30.2,128917,117476,246393,29445,16702,2.51,VA,3259,18760,127741,11854,107893
Norman,Oklahoma,30.9,59483,60814,120297,5578,8705,2.47,OK,10801,11732,106409,6539,6620
North Charleston,South Carolina,30.7,56549,55315,111864,9651,8789,2.82,SC,1042,12975,48956,4181,56734
North Las Vegas,Nevada,32.2,116350,118443,234793,17256,49815,3.31,NV,4739,94804,137357,20273,54093
North Little Rock,Arkansas,33.6,31671,34835,66506,4130,2787,2.62,AR,713,4860,34118,,30766
North Richland Hills,Texas,39.9,35257,33948,69205,5175,7854,2.64,TX,1127,10195,58258,5295,5439
Norwalk,California,35,53125,54020,107145,3027,39396,3.88,CA,1165,76020,46998,16189,5195
Norwalk,Connecticut,42.4,40880,47603,88483,2877,22328,2.7,CT,552,24682,67844,2954,15129
Oakland,California,35.7,203827,215451,419278,12159,113896,2.56,CA,8380,114054,171599,75446,118228
Oceanside,California,39.4,87482,88232,175714,18051,37492,2.72,CA,2452,62100,137533,20882,11907
Odessa,Texas,31.2,61119,57861,118980,5509,15845,2.92,TX,1134,63586,106944,2252,7647
O'Fallon,Missouri,36,41762,43270,85032,5783,3269,2.77,MO,685,2583,77049,3447,5136
Ogden,Utah,31.3,44323,41127,85450,5080,12791,2.68,UT,1717,28275,74960,1911,2620
Oklahoma City,Oklahoma,34.1,309227,322036,631263,41843,80165,2.58,OK,41696,117362,462306,33759,111673
Olathe,Kansas,33,65046,69270,134316,6042,11913,2.97,KS,1872,16131,120282,6288,9518
Omaha,Nebraska,34.2,218789,225098,443887,24503,48263,2.47,NE,6318,63516,353417,19105,64223
Ontario,California,31,85059,86141,171200,4816,48557,3.52,CA,4304,118292,74765,14313,12900
Orange,California,35,67337,73658,140995,3993,34550,3.14,CA,658,46255,100083,22457,2853
Orem,Utah,26.1,48695,45762,94457,2828,12808,3.26,UT,976,18342,85512,3862,1837
Orlando,Florida,33.1,130940,139977,270917,12782,50558,2.42,FL,2374,89306,179121,11124,68081
Oshkosh,Wisconsin,33,32905,33652,66557,3809,2348,2.3,WI,237,1972,60210,3182,2778
Overland Park,Kansas,38.2,93355,93156,186511,10461,21407,2.41,KS,1264,10104,161153,17123,10685
Oxnard,California,31,101906,105346,207252,6367,78678,4.08,CA,6241,154911,165423,18249,7183
Palatine,Illinois,38,36506,32763,69269,2629,21760,2.69,IL,,18626,46246,8145,1822
Palm Bay,Florida,40.7,51767,56128,107895,10942,12070,2.82,FL,1603,16841,84328,1124,20891
Palm Coast,Florida,48.8,39489,42632,82121,7950,9084,2.76,FL,700,8706,67272,2479,10786
Palmdale,California,32.6,76361,81989,158350,6388,41974,3.54,CA,2800,87452,73480,10981,27398
Palo Alto,California,40.2,31451,35397,66848,2025,23348,2.55,CA,556,3496,43019,24055,1049
Paradise,Nevada,37.2,122784,114162,236946,14112,66712,2.65,NV,4314,88347,147624,28380,25091
Parma,Ohio,40.8,38425,41518,79943,5028,6909,2.42,OH,876,5361,76282,974,2928
Pasadena,California,37.6,67712,74534,142246,4618,40779,2.63,CA,2161,52717,76525,22794,15909
Pasadena,Texas,31.5,78827,74959,153786,5735,38072,2.95,TX,1993,105871,140240,1570,6204
Pasco,Washington,28.6,35298,32799,68097,2052,16265,3.45,WA,1054,38883,55741,2215,2265
Passaic,New Jersey,30.4,36505,34577,71082,693,24174,3.56,NJ,,53680,30352,3338,5230
Paterson,New Jersey,34,70640,77117,147757,1694,49810,3.37,NJ,1083,85555,54885,9653,45858
Pawtucket,Rhode Island,39.2,36072,35511,71583,3173,17884,2.41,RI,1359,16117,47614,2150,15513
Pearland,Texas,33.9,52336,59329,111665,5621,16882,3,TX,851,26460,73349,14683,23779
Pembroke Pines,Florida,40.3,77050,89574,166624,6849,62210,2.94,FL,1076,60519,113624,12910,34507
Peoria,Arizona,36.9,80139,91103,171242,13019,14260,2.97,AZ,3108,41129,151232,6631,8514
Peoria,Illinois,33.1,56229,62432,118661,6634,7517,2.4,IL,1343,6874,77074,6989,36333
Perris,California,26.9,41623,33336,74959,1321,23277,4.78,CA,,54398,23882,3341,9393
Pharr,Texas,26.9,35242,41293,76535,1376,25532,3.67,TX,,72995,73694,,204
Philadelphia,Pennsylvania,34.1,741270,826172,1567442,61995,205339,2.61,PA,17500,219038,688130,122721,691186
Phoenix,Arizona,33.8,786833,776168,1563001,72388,300702,2.89,AZ,41748,669914,1161455,66403,132939
Pine Hills,Florida,29.2,35344,40737,76081,2594,20735,3.3,FL,,10496,10029,2209,57089
Pittsburg,California,34.5,33309,36118,69427,2109,21043,3.15,CA,2253,28605,25996,13981,14931
Pittsburgh,Pennsylvania,32.9,149690,154695,304385,17728,28187,2.13,PA,2689,9266,208863,21227,82248
Plano,Texas,38.1,138565,145054,283619,11719,74030,2.65,TX,3771,42959,195220,59958,25217
Plantation,Florida,40.6,42881,49674,92555,4037,27902,2.73,FL,,26401,66970,3954,19670
Pleasanton,California,41.3,36662,42857,79519,2424,23208,2.87,CA,608,7949,49934,27662,1919
Plymouth,Minnesota,38.4,39035,36893,75928,4158,8830,2.46,MN,760,3274,63872,5561,6938
Poinciana,Florida,34.2,38142,35801,73943,2933,14349,3.93,FL,1593,37382,45622,1409,24750
Pomona,California,32.1,74945,78307,153252,3251,53879,3.63,CA,3866,108787,94296,17646,10774
Pompano Beach,Florida,42.5,56569,51202,107771,5145,32733,2.55,FL,2138,23225,67360,1089,38653
Ponce,Puerto Rico,40.5,56968,64615,121583,,,,PR,,120705,,,
Port Saint Lucie,Florida,42.1,84069,95341,179410,12416,34003,2.91,FL,1536,34240,135049,7967,32986
Portland,Maine,40.3,31480,35392,66872,3666,9229,2.13,ME,662,2031,59722,3696,5750
Portland,Oregon,36.7,313516,318671,632187,29940,86041,2.43,OR,15314,61064,524258,64386,45914
Portsmouth,Virginia,33.6,45900,50301,96201,10261,1815,2.54,VA,1584,3896,43004,1785,52972
Providence,Rhode Island,29.9,89090,90114,179204,4933,53532,2.72,RI,4171,77968,97885,13432,30638
Provo,Utah,23.6,56231,59027,115258,2177,10925,3.28,UT,1916,16668,108471,4104,1062
Pueblo,Colorado,37.6,55635,53784,109419,7989,3578,2.44,CO,7306,57579,86097,2468,4107
Quincy,Massachusetts,41,44129,49500,93629,4147,32935,2.39,MA,351,2566,58723,30473,3917
Racine,Wisconsin,33.7,39314,38423,77737,4650,4403,2.56,WI,1371,18215,52445,1175,20014
Raleigh,North Carolina,32.8,219184,232765,451949,16747,65125,2.42,NC,3955,51786,275892,24865,138242
Rancho Cordova,California,33.8,34844,36182,71026,4590,17020,2.86,CA,1940,13970,47757,12653,9307
Rancho Cucamonga,California,34.5,88127,87105,175232,5821,33878,3.18,CA,2789,65823,111832,24519,24437
Rapid City,South Dakota,39.5,36122,37446,73568,7429,2375,2.31,SD,9159,2971,63983,2170,2217
Reading,Pennsylvania,29.4,43668,44205,87873,2580,17043,2.95,PA,9671,57032,64401,903,20821
Redding,California,38.8,42530,49049,91579,6926,5181,2.42,CA,4352,9143,81244,5271,2112
Redlands,California,36.2,33993,37035,71028,3445,8681,2.82,CA,811,19698,55241,6255,6973
Redondo Beach,California,43,34855,33330,68185,3014,13536,2.34,CA,1007,8858,53811,13118,2234
Redwood City,California,37.1,42676,42624,85300,2430,27652,2.64,CA,664,29011,51019,14873,2758
Reno,Nevada,35.7,122292,119151,241443,17089,37070,2.46,NV,3872,59902,197335,20681,9427
Renton,Washington,36.3,52779,47468,100247,5032,28962,2.57,WA,2338,15392,58251,22550,12265
Rialto,California,31.6,49902,53235,103137,2036,32741,3.83,CA,1065,78571,74551,4103,11800
Richardson,Texas,35.5,54676,56151,110827,4797,29579,2.83,TX,1439,15762,76116,20724,13256
Richmond,California,35.3,52615,57100,109715,3611,42215,2.87,CA,2348,45132,36074,20082,27434
Richmond,Virginia,33.6,104793,115496,220289,12538,15741,2.29,VA,4902,14259,104568,6626,109722
Rio Rancho,New Mexico,38.3,47251,46904,94155,8527,5200,2.86,NM,4857,38674,73022,2374,3970
Riverside,California,31.4,160613,161810,322423,12373,69584,3.34,CA,5338,160697,225157,27675,26147
Riverview,Florida,32.2,44210,45536,89746,6943,12240,3.22,FL,726,23317,60793,3582,15159
Roanoke,Virginia,36.9,47252,52645,99897,6567,7346,2.35,VA,594,6091,68761,3237,30920
Rochester,Minnesota,35,54934,57282,112216,6888,17763,2.55,MN,1172,6617,93477,9839,9425
Rochester,New York,31.4,100135,109673,209808,7288,17735,2.36,NY,4856,38004,105636,8748,93072
Rochester Hills,Michigan,41.2,36356,37076,73432,3053,13708,2.66,MI,348,3395,62170,8092,3514
Rock Hill,South Carolina,34.5,33324,38243,71567,4755,2413,2.29,SC,610,2845,41652,1073,28204
Rockford,Illinois,36.3,71076,78270,149346,8894,18323,2.52,IL,2301,28923,107148,5500,33122
Rockville,Maryland,38.1,31205,35793,66998,1990,25047,2.6,MD,594,9197,41692,17370,7533
Roseville,California,38.4,62591,67691,130282,8386,18161,2.72,CA,2635,23499,103853,18171,4413
Roswell,Georgia,38.8,48637,45859,94496,3325,16501,2.7,GA,585,16920,69857,7240,15458
Round Rock,Texas,34.9,56646,59193,115839,6804,18237,3.13,TX,1551,37151,92278,9685,13636
Sacramento,California,33.7,237724,252991,490715,19698,112579,2.73,CA,10145,150153,268151,105063,77439
Saint Charles,Missouri,34.9,32054,36747,68801,4371,5274,2.33,MO,681,4070,58662,3392,6842
Saint Cloud,Minnesota,30.7,34311,33942,68253,5012,5757,2.41,MN,1169,2639,59794,2494,6401
Saint George,Utah,37.3,38732,41475,80207,4443,4824,2.81,UT,2406,10829,71915,1649,1376
Saint Joseph,Missouri,35.7,37688,38408,76096,5846,3755,2.58,MO,1018,5400,68293,1271,6964
Saint Louis,Missouri,35,153026,162659,315685,17060,21802,2.16,MO,2746,12261,155574,12209,151030
Saint Paul,Minnesota,31.5,149547,151293,300840,10548,56514,2.58,MN,6858,27307,191369,58174,54665
Saint Petersburg,Florida,41.8,123524,133564,257088,20247,28567,2.42,FL,2716,20483,179121,10893,67798
Salem,Oregon,35.4,80839,83704,164543,9685,19668,2.69,OR,7678,39414,148650,6076,3770
Salinas,California,30.4,77765,79621,157386,4020,58693,3.72,CA,2855,121196,95283,11227,3391
Salt Lake City,Utah,32.1,98364,94296,192660,6829,32166,2.38,UT,3488,40559,150136,13153,5365
San Angelo,Texas,32.8,49669,50744,100413,8412,7859,2.5,TX,548,42494,86655,1658,6079
San Antonio,Texas,33.1,721405,748419,1469824,109089,208046,2.93,TX,20752,937607,1240092,53933,119542
San Bernardino,California,28.5,108671,107466,216137,7741,55135,3.55,CA,4520,136214,123174,12981,36393
San Buenaventura,California,37.7,53932,55785,109717,5980,18025,2.68,CA,2808,38463,95139,6547,1300
San Clemente,California,45.2,34076,31456,65532,3970,8109,2.64,CA,,10421,58849,4296,251
San Diego,California,34.5,693826,701081,1394907,92489,373842,2.73,CA,16496,425414,949388,267222,111650
San Francisco,California,38.3,439752,425064,864816,26276,297199,2.37,CA,8997,132114,442155,324034,53270
San Jose,California,36.5,518317,508602,1026919,27269,401493,3.13,CA,13776,331232,442798,385198,41721
San Juan,Puerto Rico,41.4,155408,186829,342237,,,,PR,4031,335559,,2452,
San Leandro,California,41.8,43032,47679,90711,4111,34293,2.79,CA,1540,26894,40182,34019,11100
San Marcos,California,35.4,45246,47688,92934,5189,21558,3.13,CA,821,35164,72061,11519,4447
San Mateo,California,39.3,50966,52558,103524,2730,34957,2.64,CA,682,23151,62656,30573,2880
San Ramon,California,39.1,39221,36911,76132,2855,29691,3.09,CA,609,5449,37057,38970,2734
San Tan Valley,Arizona,31.3,40429,42368,82797,4300,5757,3.44,AZ,3941,18733,75429,1378,2027
Sandy,Utah,34.6,46923,46689,93612,3451,6691,3.22,UT,507,6832,85130,5657,522
Sandy Springs,Georgia,35.4,48570,56777,105347,3015,19837,2.4,GA,1574,13670,78835,7909,15420
Santa Ana,California,30.8,167503,167920,335423,4735,152999,4.58,CA,4838,262436,163096,37651,5813
Santa Barbara,California,37.8,45068,46784,91852,4518,19441,2.51,CA,1560,31102,73659,4964,2013
Santa Clara,California,35.2,63278,62938,126216,4426,52281,2.75,CA,1354,22402,55847,58360,4580
Santa Clarita,California,38.1,90192,92175,182367,8537,40666,3.02,CA,4441,56944,144949,23168,9223
Santa Fe,New Mexico,44.1,40601,43511,84112,5083,13824,2.41,NM,2960,45884,75494,1878,1284
Santa Maria,California,30.1,53320,51762,105082,2876,39192,3.83,CA,1575,81551,90403,5058,1237
Santa Monica,California,40.6,46732,46487,93219,2008,24448,2,CA,2197,14973,70365,13283,9663
Santa Rosa,California,37.9,86840,88149,174989,9101,33015,2.7,CA,8859,54578,138506,13496,7157
Savannah,Georgia,30.3,69389,76295,145684,9717,10355,2.57,GA,2116,9734,57690,5366,82307
Schaumburg,Illinois,36.9,35971,39840,75811,2019,24614,2.72,IL,633,12545,43688,21571,2071
Schenectady,New York,36.7,32398,32901,65299,3388,10961,2.82,NY,1059,5957,40278,5140,15640
Scottsdale,Arizona,46.9,115712,121132,236844,16798,27207,2.17,AZ,7003,24766,205512,11555,5279
Scranton,Pennsylvania,38.5,37975,39137,77112,5059,8069,2.39,PA,,11301,66875,4722,6256
Seattle,Washington,35.5,345659,338784,684443,29364,119840,2.13,WA,12804,43060,511401,121507,61974
Shawnee,Kansas,40.1,32313,32745,65058,3575,4136,2.64,KS,485,4864,55883,3093,7296
Shreveport,Louisiana,35.2,93138,103856,196994,14287,5658,2.53,LA,1647,5081,79319,4033,112923
Silver Spring,Maryland,33.8,40601,41862,82463,1562,30908,2.6,MD,1084,25924,37756,8841,21330
Simi Valley,California,39,63243,63523,126766,6063,23260,3.13,CA,2474,34032,107898,14984,2378
Sioux City,Iowa,34.3,38827,43949,82776,4093,7471,2.57,IA,1956,15602,70513,3400,3994
Sioux Falls,South Dakota,34.6,86596,84934,171530,8658,12934,2.38,SD,4623,9388,149298,4689,10904
Skokie,Illinois,43.4,31382,33437,64819,1066,27424,2.78,IL,,6590,40642,20272,4937
Somerville,Massachusetts,31,41028,39306,80334,2103,22292,2.43,MA,374,8790,62927,9498,7140
South Bend,Indiana,32.4,50483,53274,103757,3708,8779,2.72,IN,411,16462,71391,1788,30005
South Gate,California,32.5,47758,48641,96399,724,40571,3.97,CA,618,91312,55444,971,1615
South Jordan,Utah,33.8,33669,32970,66639,2595,6142,3.61,UT,,4672,59046,2487,
South San Francisco,California,39.4,34177,33094,67271,1839,27528,3.33,CA,535,29173,28135,23008,2327
Southfield,Michigan,41.6,31369,41808,73177,4035,4011,2.27,MI,983,573,18296,1345,54200
Sparks,Nevada,36.1,47780,48318,96098,7315,15690,2.63,NV,2019,29159,78737,7915,4226
Spokane,Washington,36.6,102756,110511,213267,18044,13253,2.34,WA,7192,13365,193143,9059,10045
Spokane Valley,Washington,36,49933,44975,94908,7984,4199,2.39,WA,2473,5110,91125,1336,1192
Spring Hill,Florida,45.1,48295,54902,103197,9737,7893,2.58,FL,1254,15838,91742,2409,7689
Spring Valley,Nevada,37,96808,97147,193955,10644,61072,2.79,NV,2215,40374,111763,45059,29031
Springdale,Arkansas,31.8,36840,43614,80454,3397,19969,3.04,AR,547,30200,56843,1422,1859
Springfield,Illinois,38.8,55639,62170,117809,7525,4264,2.22,IL,1602,2738,90935,3871,25327
Springfield,Massachusetts,31.8,74744,79592,154336,5723,16226,2.81,MA,2087,69209,97171,5606,35284
Springfield,Missouri,34.1,81057,85741,166798,12291,7765,2.12,MO,2777,7100,151686,5725,10026
Stamford,Connecticut,35.4,64941,63936,128877,2269,44003,2.7,CT,1416,33197,85620,11013,24329
Sterling Heights,Michigan,39.6,64985,67077,132062,6970,34313,2.66,MI,,2811,112743,12264,8054
Stockton,California,32.5,150976,154674,305650,12822,79583,3.16,CA,19834,128216,170878,76859,41161
Suffolk,Virginia,38.2,43048,45113,88161,10114,2829,2.72,VA,504,3539,46458,2248,39107
Sugar Land,Texas,42.1,43889,44240,88129,4377,31169,2.95,TX,,7835,44555,33469,8993
Sunnyvale,California,35.7,79480,72280,151760,3900,71441,2.74,CA,1179,25638,71463,69472,4210
Sunrise,Florida,37.7,41471,51235,92706,4108,38209,2.98,FL,,29163,54976,3501,33951
Sunrise Manor,Nevada,32.5,93505,99103,192608,10663,56530,3.25,NV,3962,99838,109960,16165,29483
Surprise,Arizona,39.4,62875,65567,128442,11109,9929,2.9,AZ,1883,25366,115419,3153,9079
Syracuse,New York,30.3,69462,74690,144152,5845,17733,2.39,NY,3606,13368,88679,9386,46026
Tacoma,Washington,37.7,100914,107036,207950,19040,31863,2.48,WA,5549,25764,149859,26909,30914
Tallahassee,Florida,26.2,89390,100504,189894,9575,16720,2.38,FL,1368,13538,112800,10035,69135
Tampa,Florida,35.3,175517,193511,369028,20636,58795,2.47,FL,2915,95154,257552,15814,92156
Temecula,California,34.2,54407,57619,112026,7587,18884,3.34,CA,2236,36246,85130,14532,5698
Tempe,Arizona,28.8,91350,84476,175826,7058,26620,2.44,AZ,4636,44404,130346,17338,11293
Temple,Texas,33.6,33512,38785,72297,7333,3968,2.59,TX,1615,21372,54698,1781,14747
The Villages,Florida,70.5,,,72590,15231,4034,,FL,,1066,72211,,331
The Woodlands,Texas,38.8,56083,63061,119144,8351,21188,2.93,TX,2427,19574,106202,8828,6420
Thornton,Colorado,33.1,65482,67977,133459,7261,17949,2.97,CO,2967,49241,119264,7034,4569
Thousand Oaks,California,44.8,65113,64216,129329,6323,25330,2.79,CA,2690,26754,108375,16134,3229
Toledo,Ohio,36.1,135455,144323,279778,15286,9257,2.29,OH,3942,23614,188325,6850,85552
Toms River,New Jersey,43.7,43864,43886,87750,5042,6852,2.71,NJ,251,10267,79538,4691,3703
Topeka,Kansas,37.1,60879,66378,127257,9608,6711,2.32,KS,4804,18640,108035,3127,15030
Torrance,California,41.2,73209,75259,148468,8459,43096,2.7,CA,3638,25699,80498,54317,5906
Town 'n' Country,Florida,38.1,39410,39586,78996,4534,22135,2.61,FL,1622,37944,64441,3347,9575
Tracy,California,35.5,43156,43937,87093,3025,25410,3.42,CA,2120,32810,58041,16856,5241
Trenton,New Jersey,33.3,42581,41650,84231,2604,20428,3.04,NJ,98,30613,37683,1437,43471
Troy,Michigan,43.3,42371,40905,83276,2975,21004,2.59,MI,1677,2400,56175,22721,5294
Tucson,Arizona,33.6,264893,266781,531674,38182,82220,2.45,AZ,24409,231025,404342,24689,33900
Tulsa,Oklahoma,35,197437,205654,403091,24672,43751,2.37,OK,42129,61217,279127,16318,72643
Turlock,California,36.2,33190,39103,72293,3397,14686,2.76,CA,1187,23559,59308,5232,2307
Tuscaloosa,Alabama,29.1,47293,51045,98338,3647,4706,2.67,AL,261,2475,52603,2733,42331
Tustin,California,33.4,39511,41052,80563,2434,25034,3.27,CA,538,33998,39660,16074,2954
Tyler,Texas,33.9,50422,53283,103705,4813,8225,2.59,TX,1057,21536,72728,2543,26156
Union City,California,38.5,38599,35911,74510,1440,32752,3.46,CA,243,13207,16845,44849,5508
Union City,New Jersey,35.4,35376,33773,69149,705,40553,2.85,NJ,545,53174,50031,4044,4686
Upland,California,39.7,36226,40221,76447,2898,16552,2.77,CA,1068,30787,46704,9182,5717
Urban Honolulu,Hawaii,41.4,176807,175959,352766,23213,101312,2.69,HI,5592,24586,110508,240978,11781
Vacaville,California,35.8,50091,46703,96794,9064,10577,2.9,CA,3140,23395,66825,9273,18023
Vallejo,California,37.8,58379,62890,121269,8103,30592,2.83,CA,1671,28977,56169,34753,26778
Vancouver,Washington,37.2,82958,89895,172853,12391,21748,2.49,WA,4541,23184,149863,10882,7520
Victoria,Texas,35.8,32290,35291,67581,5000,4480,2.7,TX,,34409,58798,2032,6058
Victorville,California,30.6,60989,61247,122236,7484,21959,3.47,CA,5305,60569,86648,7755,26747
Virginia Beach,Virginia,35.4,222684,230061,452745,54995,38360,2.61,VA,4590,36309,324924,38715,99948
Visalia,California,32.6,63695,66399,130094,5547,20779,3.11,CA,2113,63482,107322,11523,2525
Vista,California,29.3,50680,50204,100884,4957,23271,3.52,CA,,49524,83529,7189,5164
Waco,Texas,29.3,63452,68890,132342,10716,14235,2.57,TX,794,40585,96958,4230,29883
Waldorf,Maryland,33.6,35640,39872,75512,6932,5954,2.69,MD,1918,4810,26788,4100,47334
Walnut Creek,California,47.6,31994,36912,68906,4977,13624,2.22,CA,,5212,57064,10831,1705
Warner Robins,Georgia,31.4,35093,38909,74002,6974,3210,2.5,GA,1309,5378,42306,2723,29307
Warren,Michigan,43.2,64063,71293,135356,7806,18822,2.45,MI,1516,3210,96357,12156,29391
Warwick,Rhode Island,42.6,39289,42409,81698,5799,5318,2.4,RI,,4723,76999,2685,1212
Washington,District of Columbia,33.8,319705,352523,672228,25963,95117,2.24,DC,6130,71129,285402,35072,328786
Waterbury,Connecticut,36.2,52235,56572,108807,3493,19967,2.71,CT,492,38222,69075,4080,26972
Waterloo,Iowa,37.2,34488,33969,68457,4800,5082,2.42,IA,467,4961,51252,1636,11815
Waukegan,Illinois,32.3,45514,42833,88347,3404,30997,2.92,IL,677,54214,65629,4933,11697
Waukesha,Wisconsin,35.8,36263,35713,71976,3116,4982,2.35,WI,481,9713,66757,2904,1923
West Covina,California,39.8,51629,56860,108489,3800,37038,3.56,CA,518,58907,48046,32716,3693
West Jordan,Utah,30.8,57898,54044,111942,3577,11492,3.46,UT,1211,21315,100150,3539,3179
West Palm Beach,Florida,39.6,49262,57520,106782,4917,30675,2.53,FL,406,26132,60648,3191,39226
West Valley City,Utah,30.7,68235,67989,136224,4880,30712,3.81,UT,4851,44080,89145,9550,3222
Westland,Michigan,39.9,37742,44253,81995,4756,6429,2.41,MI,429,2827,60576,4843,16422
Westminster,California,42.9,45538,46573,92111,3435,42227,3.27,CA,1022,19111,37593,46560,2270
Westminster,Colorado,37.8,54866,58251,113117,6512,11361,2.63,CO,1444,23355,100084,8668,3228
Weston,Florida,38.6,32956,36991,69947,1507,30876,3.34,FL,128,36687,61021,4130,3697
Whittier,California,36.1,44397,43039,87436,2790,17145,3.11,CA,680,61249,49388,3503,1262
Wichita,Kansas,34.6,192354,197601,389955,23978,40270,2.56,KS,8791,65162,305910,25210,52592
Wichita Falls,Texas,34,55775,48934,104709,7800,9855,2.41,TX,1503,23061,82860,3688,14529
Wilmington,Delaware,36.4,32680,39277,71957,3063,3336,2.45,DE,414,5516,23743,1193,44182
Wilmington,North Carolina,35.5,52346,63601,115947,5908,7401,2.24,NC,742,6811,89270,3152,23578
Winston-Salem,North Carolina,34.7,112520,128712,241232,14521,24302,2.47,NC,1415,38321,139301,6484,87480
Woodbury,Minnesota,37.7,31982,35868,67850,2732,9477,2.72,MN,,3258,56216,7758,6054
Worcester,Massachusetts,34.9,90951,93855,184806,9408,36907,2.43,MA,1917,39000,131898,15932,27491
Wyoming,Michigan,32.8,35967,39310,75277,3447,8612,2.65,MI,2444,15325,58989,3227,8839
Yakima,Washington,34,45147,48553,93700,4705,15717,2.74,WA,2042,44172,79286,2248,924
Yonkers,New York,38,96580,104538,201118,4801,61247,2.8,NY,1112,73608,129492,13981,38731
Yorba Linda,California,45.5,31960,36006,67966,3171,15532,3,CA,211,10599,49980,17616,1326
Youngs,Ohio,37.5,30758,33851,64609,3620,1058,2.22,OH,875,7564,33031,247,31725
Yuba City,California,34.5,33654,33290,66944,4706,18032,2.9,CA,2163,20890,48746,15065,1912
Yuma,Arizona,33.4,48298,45847,94145,7182,19326,2.64,AZ,1228,57054,69691,1180,3731
